,item_main_category,exclusivity_clean,sourcing_location,wh_flag_new,beta,beta_err,beta_one,beta_one_err
0,TEPPICHE & BODENBELÄGE,exclusive,Import,mto,0.43,0.012,0.346,0.295
1,TEPPICHE & BODENBELÄGE,exclusive,Import,wh,0.437,0.012,0.413,0.032
2,TEPPICHE & BODENBELÄGE,exclusive,Import,dropship,0.426,0.012,0.446,0.028
3,TEPPICHE & BODENBELÄGE,exclusive,EE,mto,0.364,0.012,0.279,0.295
4,TEPPICHE & BODENBELÄGE,exclusive,EE,wh,0.371,0.012,0.346,0.032
5,TEPPICHE & BODENBELÄGE,exclusive,EE,dropship,0.36,0.012,0.379,0.028
6,TEPPICHE & BODENBELÄGE,exclusive,Domestic,mto,0.336,0.012,0.257,0.295
7,TEPPICHE & BODENBELÄGE,exclusive,Domestic,wh,0.343,0.012,0.324,0.032
8,TEPPICHE & BODENBELÄGE,exclusive,Domestic,dropship,0.332,0.012,0.357,0.028
9,TEPPICHE & BODENBELÄGE,other,Import,mto,0.415,0.012,0.33,0.295
10,TEPPICHE & BODENBELÄGE,other,Import,wh,0.422,0.012,0.396,0.032
11,TEPPICHE & BODENBELÄGE,other,Import,dropship,0.411,0.012,0.429,0.028
12,TEPPICHE & BODENBELÄGE,other,EE,mto,0.349,0.012,0.263,0.295
13,TEPPICHE & BODENBELÄGE,other,EE,wh,0.356,0.012,0.329,0.032
14,TEPPICHE & BODENBELÄGE,other,EE,dropship,0.345,0.012,0.362,0.028
15,TEPPICHE & BODENBELÄGE,other,Domestic,mto,0.321,0.012,0.241,0.295
16,TEPPICHE & BODENBELÄGE,other,Domestic,wh,0.328,0.012,0.308,0.032
17,TEPPICHE & BODENBELÄGE,other,Domestic,dropship,0.317,0.012,0.341,0.028
18,TEPPICHE & BODENBELÄGE,thirdParty,Import,mto,0.403,0.012,0.315,0.295
19,TEPPICHE & BODENBELÄGE,thirdParty,Import,wh,0.409,0.012,0.382,0.032
20,TEPPICHE & BODENBELÄGE,thirdParty,Import,dropship,0.398,0.012,0.415,0.028
21,TEPPICHE & BODENBELÄGE,thirdParty,EE,mto,0.337,0.012,0.248,0.295
22,TEPPICHE & BODENBELÄGE,thirdParty,EE,wh,0.344,0.012,0.315,0.032
23,TEPPICHE & BODENBELÄGE,thirdParty,EE,dropship,0.332,0.012,0.348,0.028
24,TEPPICHE & BODENBELÄGE,thirdParty,Domestic,mto,0.309,0.012,0.227,0.295
25,TEPPICHE & BODENBELÄGE,thirdParty,Domestic,wh,0.316,0.012,0.293,0.032
26,TEPPICHE & BODENBELÄGE,thirdParty,Domestic,dropship,0.304,0.012,0.326,0.028
27,TEPPICHE & BODENBELÄGE,ownDeveloped,Import,mto,0.431,0.012,0.346,0.295
28,TEPPICHE & BODENBELÄGE,ownDeveloped,Import,wh,0.438,0.012,0.413,0.032
29,TEPPICHE & BODENBELÄGE,ownDeveloped,Import,dropship,0.426,0.012,0.446,0.028
30,TEPPICHE & BODENBELÄGE,ownDeveloped,EE,mto,0.365,0.012,0.279,0.295
31,TEPPICHE & BODENBELÄGE,ownDeveloped,EE,wh,0.372,0.012,0.346,0.032
32,TEPPICHE & BODENBELÄGE,ownDeveloped,EE,dropship,0.36,0.012,0.379,0.028
33,TEPPICHE & BODENBELÄGE,ownDeveloped,Domestic,mto,0.337,0.012,0.258,0.295
34,TEPPICHE & BODENBELÄGE,ownDeveloped,Domestic,wh,0.344,0.012,0.325,0.032
35,TEPPICHE & BODENBELÄGE,ownDeveloped,Domestic,dropship,0.333,0.012,0.357,0.028
36,TEPPICHE & BODENBELÄGE,whiteLabel,Import,mto,0.408,0.012,0.321,0.295
37,TEPPICHE & BODENBELÄGE,whiteLabel,Import,wh,0.415,0.012,0.388,0.032
38,TEPPICHE & BODENBELÄGE,whiteLabel,Import,dropship,0.404,0.012,0.421,0.028
39,TEPPICHE & BODENBELÄGE,whiteLabel,EE,mto,0.342,0.012,0.254,0.295
40,TEPPICHE & BODENBELÄGE,whiteLabel,EE,wh,0.349,0.012,0.321,0.032
41,TEPPICHE & BODENBELÄGE,whiteLabel,EE,dropship,0.338,0.012,0.354,0.028
42,TEPPICHE & BODENBELÄGE,whiteLabel,Domestic,mto,0.315,0.012,0.233,0.295
43,TEPPICHE & BODENBELÄGE,whiteLabel,Domestic,wh,0.321,0.012,0.3,0.032
44,TEPPICHE & BODENBELÄGE,whiteLabel,Domestic,dropship,0.31,0.012,0.333,0.028
45,HAUSHALT,exclusive,Import,mto,0.181,0.047,0.314,0.054
46,HAUSHALT,exclusive,Import,wh,0.188,0.047,0.316,0.051
47,HAUSHALT,exclusive,Import,dropship,0.177,0.047,0.175,0.054
48,HAUSHALT,exclusive,EE,mto,0.115,0.047,0.247,0.054
49,HAUSHALT,exclusive,EE,wh,0.122,0.047,0.249,0.051
50,HAUSHALT,exclusive,EE,dropship,0.111,0.047,0.108,0.054
51,HAUSHALT,exclusive,Domestic,mto,0.087,0.047,0.226,0.054
52,HAUSHALT,exclusive,Domestic,wh,0.094,0.047,0.228,0.051
53,HAUSHALT,exclusive,Domestic,dropship,0.083,0.047,0.086,0.054
54,HAUSHALT,other,Import,mto,0.166,0.047,0.298,0.054
55,HAUSHALT,other,Import,wh,0.173,0.047,0.3,0.051
56,HAUSHALT,other,Import,dropship,0.162,0.047,0.158,0.054
57,HAUSHALT,other,EE,mto,0.1,0.047,0.231,0.054
58,HAUSHALT,other,EE,wh,0.107,0.047,0.233,0.051
59,HAUSHALT,other,EE,dropship,0.096,0.047,0.091,0.054
60,HAUSHALT,other,Domestic,mto,0.072,0.047,0.21,0.054
61,HAUSHALT,other,Domestic,wh,0.079,0.047,0.212,0.051
62,HAUSHALT,other,Domestic,dropship,0.068,0.047,0.07,0.054
63,HAUSHALT,thirdParty,Import,mto,0.154,0.047,0.284,0.054
64,HAUSHALT,thirdParty,Import,wh,0.161,0.047,0.285,0.051
65,HAUSHALT,thirdParty,Import,dropship,0.149,0.047,0.144,0.054
66,HAUSHALT,thirdParty,EE,mto,0.088,0.047,0.217,0.054
67,HAUSHALT,thirdParty,EE,wh,0.095,0.047,0.218,0.051
68,HAUSHALT,thirdParty,EE,dropship,0.083,0.047,0.077,0.054
69,HAUSHALT,thirdParty,Domestic,mto,0.06,0.047,0.195,0.054
70,HAUSHALT,thirdParty,Domestic,wh,0.067,0.047,0.197,0.051
71,HAUSHALT,thirdParty,Domestic,dropship,0.056,0.047,0.055,0.054
72,HAUSHALT,ownDeveloped,Import,mto,0.182,0.047,0.315,0.054
73,HAUSHALT,ownDeveloped,Import,wh,0.189,0.047,0.317,0.051
74,HAUSHALT,ownDeveloped,Import,dropship,0.178,0.047,0.175,0.054
75,HAUSHALT,ownDeveloped,EE,mto,0.116,0.047,0.248,0.054
76,HAUSHALT,ownDeveloped,EE,wh,0.123,0.047,0.25,0.051
77,HAUSHALT,ownDeveloped,EE,dropship,0.112,0.047,0.108,0.054
78,HAUSHALT,ownDeveloped,Domestic,mto,0.088,0.047,0.226,0.054
79,HAUSHALT,ownDeveloped,Domestic,wh,0.095,0.047,0.228,0.051
80,HAUSHALT,ownDeveloped,Domestic,dropship,0.084,0.047,0.087,0.054
81,HAUSHALT,whiteLabel,Import,mto,0.159,0.047,0.29,0.054
82,HAUSHALT,whiteLabel,Import,wh,0.166,0.047,0.292,0.051
83,HAUSHALT,whiteLabel,Import,dropship,0.155,0.047,0.15,0.054
84,HAUSHALT,whiteLabel,EE,mto,0.094,0.047,0.223,0.054
85,HAUSHALT,whiteLabel,EE,wh,0.1,0.047,0.225,0.051
86,HAUSHALT,whiteLabel,EE,dropship,0.089,0.047,0.083,0.054
87,HAUSHALT,whiteLabel,Domestic,mto,0.066,0.047,0.202,0.054
88,HAUSHALT,whiteLabel,Domestic,wh,0.073,0.047,0.203,0.051
89,HAUSHALT,whiteLabel,Domestic,dropship,0.061,0.047,0.062,0.054
90,ESSZIMMERTISCHE,exclusive,Import,mto,0.433,0.012,0.427,0.044
91,ESSZIMMERTISCHE,exclusive,Import,wh,0.44,0.012,0.439,0.035
92,ESSZIMMERTISCHE,exclusive,Import,dropship,0.428,0.012,0.449,0.03
93,ESSZIMMERTISCHE,exclusive,EE,mto,0.367,0.012,0.36,0.044
94,ESSZIMMERTISCHE,exclusive,EE,wh,0.374,0.012,0.372,0.035
95,ESSZIMMERTISCHE,exclusive,EE,dropship,0.363,0.012,0.382,0.03
96,ESSZIMMERTISCHE,exclusive,Domestic,mto,0.339,0.012,0.338,0.044
97,ESSZIMMERTISCHE,exclusive,Domestic,wh,0.346,0.012,0.35,0.035
98,ESSZIMMERTISCHE,exclusive,Domestic,dropship,0.335,0.012,0.361,0.03
99,ESSZIMMERTISCHE,other,Import,mto,0.418,0.012,0.411,0.044
100,ESSZIMMERTISCHE,other,Import,wh,0.425,0.012,0.422,0.035
101,ESSZIMMERTISCHE,other,Import,dropship,0.413,0.012,0.433,0.03
102,ESSZIMMERTISCHE,other,EE,mto,0.352,0.012,0.344,0.044
103,ESSZIMMERTISCHE,other,EE,wh,0.359,0.012,0.355,0.035
104,ESSZIMMERTISCHE,other,EE,dropship,0.348,0.012,0.366,0.03
105,ESSZIMMERTISCHE,other,Domestic,mto,0.324,0.012,0.322,0.044
106,ESSZIMMERTISCHE,other,Domestic,wh,0.331,0.012,0.334,0.035
107,ESSZIMMERTISCHE,other,Domestic,dropship,0.32,0.012,0.344,0.03
108,ESSZIMMERTISCHE,thirdParty,Import,mto,0.405,0.012,0.396,0.044
109,ESSZIMMERTISCHE,thirdParty,Import,wh,0.412,0.012,0.408,0.035
110,ESSZIMMERTISCHE,thirdParty,Import,dropship,0.401,0.012,0.418,0.03
111,ESSZIMMERTISCHE,thirdParty,EE,mto,0.339,0.012,0.329,0.044
112,ESSZIMMERTISCHE,thirdParty,EE,wh,0.346,0.012,0.341,0.035
113,ESSZIMMERTISCHE,thirdParty,EE,dropship,0.335,0.012,0.351,0.03
114,ESSZIMMERTISCHE,thirdParty,Domestic,mto,0.312,0.012,0.308,0.044
115,ESSZIMMERTISCHE,thirdParty,Domestic,wh,0.318,0.012,0.319,0.035
116,ESSZIMMERTISCHE,thirdParty,Domestic,dropship,0.307,0.012,0.33,0.03
117,ESSZIMMERTISCHE,ownDeveloped,Import,mto,0.434,0.012,0.427,0.044
118,ESSZIMMERTISCHE,ownDeveloped,Import,wh,0.44,0.012,0.439,0.035
119,ESSZIMMERTISCHE,ownDeveloped,Import,dropship,0.429,0.012,0.449,0.03
120,ESSZIMMERTISCHE,ownDeveloped,EE,mto,0.368,0.012,0.36,0.044
121,ESSZIMMERTISCHE,ownDeveloped,EE,wh,0.375,0.012,0.372,0.035
122,ESSZIMMERTISCHE,ownDeveloped,EE,dropship,0.363,0.012,0.382,0.03
123,ESSZIMMERTISCHE,ownDeveloped,Domestic,mto,0.34,0.012,0.339,0.044
124,ESSZIMMERTISCHE,ownDeveloped,Domestic,wh,0.347,0.012,0.35,0.035
125,ESSZIMMERTISCHE,ownDeveloped,Domestic,dropship,0.335,0.012,0.361,0.03
126,ESSZIMMERTISCHE,whiteLabel,Import,mto,0.411,0.012,0.402,0.044
127,ESSZIMMERTISCHE,whiteLabel,Import,wh,0.418,0.012,0.414,0.035
128,ESSZIMMERTISCHE,whiteLabel,Import,dropship,0.407,0.012,0.425,0.03
129,ESSZIMMERTISCHE,whiteLabel,EE,mto,0.345,0.012,0.335,0.044
130,ESSZIMMERTISCHE,whiteLabel,EE,wh,0.352,0.012,0.347,0.035
131,ESSZIMMERTISCHE,whiteLabel,EE,dropship,0.341,0.012,0.358,0.03
132,ESSZIMMERTISCHE,whiteLabel,Domestic,mto,0.317,0.012,0.314,0.044
133,ESSZIMMERTISCHE,whiteLabel,Domestic,wh,0.324,0.012,0.326,0.035
134,ESSZIMMERTISCHE,whiteLabel,Domestic,dropship,0.313,0.012,0.336,0.03
135,LEUCHTEN,exclusive,Import,mto,0.399,0.012,0.324,0.088
136,LEUCHTEN,exclusive,Import,wh,0.406,0.012,0.426,0.031
137,LEUCHTEN,exclusive,Import,dropship,0.395,0.012,0.384,0.028
138,LEUCHTEN,exclusive,EE,mto,0.334,0.012,0.257,0.088
139,LEUCHTEN,exclusive,EE,wh,0.34,0.012,0.359,0.031
140,LEUCHTEN,exclusive,EE,dropship,0.329,0.012,0.317,0.028
141,LEUCHTEN,exclusive,Domestic,mto,0.306,0.012,0.235,0.088
142,LEUCHTEN,exclusive,Domestic,wh,0.313,0.012,0.337,0.031
143,LEUCHTEN,exclusive,Domestic,dropship,0.301,0.012,0.296,0.028
144,LEUCHTEN,other,Import,mto,0.384,0.012,0.307,0.088
145,LEUCHTEN,other,Import,wh,0.391,0.012,0.409,0.031
146,LEUCHTEN,other,Import,dropship,0.38,0.012,0.368,0.028
147,LEUCHTEN,other,EE,mto,0.318,0.012,0.24,0.088
148,LEUCHTEN,other,EE,wh,0.325,0.012,0.342,0.031
149,LEUCHTEN,other,EE,dropship,0.314,0.012,0.301,0.028
150,LEUCHTEN,other,Domestic,mto,0.291,0.012,0.219,0.088
151,LEUCHTEN,other,Domestic,wh,0.297,0.012,0.321,0.031
152,LEUCHTEN,other,Domestic,dropship,0.286,0.012,0.28,0.028
153,LEUCHTEN,thirdParty,Import,mto,0.372,0.012,0.293,0.088
154,LEUCHTEN,thirdParty,Import,wh,0.379,0.012,0.395,0.031
155,LEUCHTEN,thirdParty,Import,dropship,0.368,0.012,0.354,0.028
156,LEUCHTEN,thirdParty,EE,mto,0.306,0.012,0.226,0.088
157,LEUCHTEN,thirdParty,EE,wh,0.313,0.012,0.328,0.031
158,LEUCHTEN,thirdParty,EE,dropship,0.302,0.012,0.287,0.028
159,LEUCHTEN,thirdParty,Domestic,mto,0.278,0.012,0.204,0.088
160,LEUCHTEN,thirdParty,Domestic,wh,0.285,0.012,0.306,0.031
161,LEUCHTEN,thirdParty,Domestic,dropship,0.274,0.012,0.265,0.028
162,LEUCHTEN,ownDeveloped,Import,mto,0.4,0.012,0.324,0.088
163,LEUCHTEN,ownDeveloped,Import,wh,0.407,0.012,0.426,0.031
164,LEUCHTEN,ownDeveloped,Import,dropship,0.396,0.012,0.385,0.028
165,LEUCHTEN,ownDeveloped,EE,mto,0.334,0.012,0.257,0.088
166,LEUCHTEN,ownDeveloped,EE,wh,0.341,0.012,0.359,0.031
167,LEUCHTEN,ownDeveloped,EE,dropship,0.33,0.012,0.318,0.028
168,LEUCHTEN,ownDeveloped,Domestic,mto,0.306,0.012,0.235,0.088
169,LEUCHTEN,ownDeveloped,Domestic,wh,0.313,0.012,0.337,0.031
170,LEUCHTEN,ownDeveloped,Domestic,dropship,0.302,0.012,0.296,0.028
171,LEUCHTEN,whiteLabel,Import,mto,0.378,0.012,0.299,0.088
172,LEUCHTEN,whiteLabel,Import,wh,0.385,0.012,0.401,0.031
173,LEUCHTEN,whiteLabel,Import,dropship,0.374,0.012,0.36,0.028
174,LEUCHTEN,whiteLabel,EE,mto,0.312,0.012,0.232,0.088
175,LEUCHTEN,whiteLabel,EE,wh,0.319,0.012,0.334,0.031
176,LEUCHTEN,whiteLabel,EE,dropship,0.308,0.012,0.293,0.028
177,LEUCHTEN,whiteLabel,Domestic,mto,0.284,0.012,0.211,0.088
178,LEUCHTEN,whiteLabel,Domestic,wh,0.291,0.012,0.313,0.031
179,LEUCHTEN,whiteLabel,Domestic,dropship,0.28,0.012,0.272,0.028
180,POLSTER,exclusive,Import,mto,0.4,0.012,0.42,0.048
181,POLSTER,exclusive,Import,wh,0.407,0.012,0.401,0.04
182,POLSTER,exclusive,Import,dropship,0.396,0.012,0.412,0.033
183,POLSTER,exclusive,EE,mto,0.334,0.012,0.353,0.048
184,POLSTER,exclusive,EE,wh,0.341,0.012,0.334,0.04
185,POLSTER,exclusive,EE,dropship,0.33,0.012,0.345,0.033
186,POLSTER,exclusive,Domestic,mto,0.306,0.012,0.332,0.048
187,POLSTER,exclusive,Domestic,wh,0.313,0.012,0.312,0.04
188,POLSTER,exclusive,Domestic,dropship,0.302,0.012,0.324,0.033
189,POLSTER,other,Import,mto,0.385,0.012,0.404,0.048
190,POLSTER,other,Import,wh,0.392,0.012,0.384,0.04
191,POLSTER,other,Import,dropship,0.381,0.012,0.396,0.033
192,POLSTER,other,EE,mto,0.319,0.012,0.337,0.048
193,POLSTER,other,EE,wh,0.326,0.012,0.317,0.04
194,POLSTER,other,EE,dropship,0.315,0.012,0.329,0.033
195,POLSTER,other,Domestic,mto,0.291,0.012,0.316,0.048
196,POLSTER,other,Domestic,wh,0.298,0.012,0.296,0.04
197,POLSTER,other,Domestic,dropship,0.287,0.012,0.307,0.033
198,POLSTER,thirdParty,Import,mto,0.373,0.012,0.389,0.048
199,POLSTER,thirdParty,Import,wh,0.379,0.012,0.37,0.04
200,POLSTER,thirdParty,Import,dropship,0.368,0.012,0.381,0.033
201,POLSTER,thirdParty,EE,mto,0.307,0.012,0.323,0.048
202,POLSTER,thirdParty,EE,wh,0.313,0.012,0.303,0.04
203,POLSTER,thirdParty,EE,dropship,0.302,0.012,0.314,0.033
204,POLSTER,thirdParty,Domestic,mto,0.279,0.012,0.301,0.048
205,POLSTER,thirdParty,Domestic,wh,0.286,0.012,0.281,0.04
206,POLSTER,thirdParty,Domestic,dropship,0.274,0.012,0.293,0.033
207,POLSTER,ownDeveloped,Import,mto,0.401,0.012,0.421,0.048
208,POLSTER,ownDeveloped,Import,wh,0.408,0.012,0.401,0.04
209,POLSTER,ownDeveloped,Import,dropship,0.396,0.012,0.412,0.033
210,POLSTER,ownDeveloped,EE,mto,0.335,0.012,0.354,0.048
211,POLSTER,ownDeveloped,EE,wh,0.342,0.012,0.334,0.04
212,POLSTER,ownDeveloped,EE,dropship,0.33,0.012,0.345,0.033
213,POLSTER,ownDeveloped,Domestic,mto,0.307,0.012,0.332,0.048
214,POLSTER,ownDeveloped,Domestic,wh,0.314,0.012,0.312,0.04
215,POLSTER,ownDeveloped,Domestic,dropship,0.303,0.012,0.324,0.033
216,POLSTER,whiteLabel,Import,mto,0.378,0.012,0.396,0.048
217,POLSTER,whiteLabel,Import,wh,0.385,0.012,0.376,0.04
218,POLSTER,whiteLabel,Import,dropship,0.374,0.012,0.388,0.033
219,POLSTER,whiteLabel,EE,mto,0.312,0.012,0.329,0.048
220,POLSTER,whiteLabel,EE,wh,0.319,0.012,0.309,0.04
221,POLSTER,whiteLabel,EE,dropship,0.308,0.012,0.321,0.033
222,POLSTER,whiteLabel,Domestic,mto,0.284,0.012,0.308,0.048
223,POLSTER,whiteLabel,Domestic,wh,0.291,0.012,0.288,0.04
224,POLSTER,whiteLabel,Domestic,dropship,0.28,0.012,0.299,0.033
225,BÜRO,exclusive,Import,mto,0.443,0.012,0.433,0.043
226,BÜRO,exclusive,Import,wh,0.45,0.012,0.447,0.032
227,BÜRO,exclusive,Import,dropship,0.439,0.012,0.454,0.029
228,BÜRO,exclusive,EE,mto,0.377,0.012,0.366,0.043
229,BÜRO,exclusive,EE,wh,0.384,0.012,0.38,0.032
230,BÜRO,exclusive,EE,dropship,0.373,0.012,0.387,0.029
231,BÜRO,exclusive,Domestic,mto,0.349,0.012,0.345,0.043
232,BÜRO,exclusive,Domestic,wh,0.356,0.012,0.358,0.032
233,BÜRO,exclusive,Domestic,dropship,0.345,0.012,0.366,0.029
234,BÜRO,other,Import,mto,0.428,0.012,0.417,0.043
235,BÜRO,other,Import,wh,0.435,0.012,0.43,0.033
236,BÜRO,other,Import,dropship,0.424,0.012,0.438,0.029
237,BÜRO,other,EE,mto,0.362,0.012,0.35,0.043
238,BÜRO,other,EE,wh,0.369,0.012,0.363,0.033
239,BÜRO,other,EE,dropship,0.358,0.012,0.371,0.029
240,BÜRO,other,Domestic,mto,0.334,0.012,0.328,0.043
241,BÜRO,other,Domestic,wh,0.341,0.012,0.342,0.033
242,BÜRO,other,Domestic,dropship,0.33,0.012,0.349,0.029
243,BÜRO,thirdParty,Import,mto,0.416,0.012,0.402,0.043
244,BÜRO,thirdParty,Import,wh,0.422,0.012,0.416,0.033
245,BÜRO,thirdParty,Import,dropship,0.411,0.012,0.423,0.029
246,BÜRO,thirdParty,EE,mto,0.35,0.012,0.335,0.043
247,BÜRO,thirdParty,EE,wh,0.356,0.012,0.349,0.033
248,BÜRO,thirdParty,EE,dropship,0.345,0.012,0.356,0.029
249,BÜRO,thirdParty,Domestic,mto,0.322,0.012,0.314,0.043
250,BÜRO,thirdParty,Domestic,wh,0.329,0.012,0.327,0.032
251,BÜRO,thirdParty,Domestic,dropship,0.317,0.012,0.335,0.029
252,BÜRO,ownDeveloped,Import,mto,0.444,0.012,0.433,0.043
253,BÜRO,ownDeveloped,Import,wh,0.451,0.012,0.447,0.033
254,BÜRO,ownDeveloped,Import,dropship,0.439,0.012,0.455,0.029
255,BÜRO,ownDeveloped,EE,mto,0.378,0.012,0.366,0.043
256,BÜRO,ownDeveloped,EE,wh,0.385,0.012,0.38,0.033
257,BÜRO,ownDeveloped,EE,dropship,0.373,0.012,0.388,0.029
258,BÜRO,ownDeveloped,Domestic,mto,0.35,0.012,0.345,0.043
259,BÜRO,ownDeveloped,Domestic,wh,0.357,0.012,0.358,0.033
260,BÜRO,ownDeveloped,Domestic,dropship,0.346,0.012,0.366,0.029
261,BÜRO,whiteLabel,Import,mto,0.421,0.012,0.408,0.043
262,BÜRO,whiteLabel,Import,wh,0.428,0.012,0.422,0.032
263,BÜRO,whiteLabel,Import,dropship,0.417,0.012,0.43,0.029
264,BÜRO,whiteLabel,EE,mto,0.355,0.012,0.342,0.043
265,BÜRO,whiteLabel,EE,wh,0.362,0.012,0.355,0.033
266,BÜRO,whiteLabel,EE,dropship,0.351,0.012,0.363,0.029
267,BÜRO,whiteLabel,Domestic,mto,0.327,0.012,0.32,0.043
268,BÜRO,whiteLabel,Domestic,wh,0.334,0.012,0.334,0.032
269,BÜRO,whiteLabel,Domestic,dropship,0.323,0.012,0.341,0.029
270,KINDER,exclusive,Import,mto,0.321,0.013,0.34,0.049
271,KINDER,exclusive,Import,wh,0.328,0.013,0.325,0.035
272,KINDER,exclusive,Import,dropship,0.317,0.013,0.309,0.03
273,KINDER,exclusive,EE,mto,0.255,0.013,0.273,0.049
274,KINDER,exclusive,EE,wh,0.262,0.013,0.258,0.036
275,KINDER,exclusive,EE,dropship,0.251,0.013,0.242,0.03
276,KINDER,exclusive,Domestic,mto,0.227,0.013,0.252,0.049
277,KINDER,exclusive,Domestic,wh,0.234,0.013,0.237,0.035
278,KINDER,exclusive,Domestic,dropship,0.223,0.013,0.22,0.03
279,KINDER,other,Import,mto,0.306,0.013,0.324,0.049
280,KINDER,other,Import,wh,0.313,0.013,0.309,0.036
281,KINDER,other,Import,dropship,0.302,0.013,0.292,0.03
282,KINDER,other,EE,mto,0.24,0.013,0.257,0.049
283,KINDER,other,EE,wh,0.247,0.013,0.242,0.036
284,KINDER,other,EE,dropship,0.236,0.013,0.225,0.03
285,KINDER,other,Domestic,mto,0.212,0.013,0.235,0.049
286,KINDER,other,Domestic,wh,0.219,0.013,0.221,0.036
287,KINDER,other,Domestic,dropship,0.208,0.013,0.204,0.03
288,KINDER,thirdParty,Import,mto,0.294,0.013,0.309,0.049
289,KINDER,thirdParty,Import,wh,0.3,0.013,0.294,0.036
290,KINDER,thirdParty,Import,dropship,0.289,0.013,0.278,0.03
291,KINDER,thirdParty,EE,mto,0.228,0.013,0.242,0.049
292,KINDER,thirdParty,EE,wh,0.235,0.013,0.227,0.036
293,KINDER,thirdParty,EE,dropship,0.223,0.013,0.211,0.03
294,KINDER,thirdParty,Domestic,mto,0.2,0.013,0.221,0.049
295,KINDER,thirdParty,Domestic,wh,0.207,0.013,0.206,0.036
296,KINDER,thirdParty,Domestic,dropship,0.195,0.013,0.189,0.03
297,KINDER,ownDeveloped,Import,mto,0.322,0.013,0.34,0.049
298,KINDER,ownDeveloped,Import,wh,0.329,0.013,0.326,0.036
299,KINDER,ownDeveloped,Import,dropship,0.317,0.013,0.309,0.03
300,KINDER,ownDeveloped,EE,mto,0.256,0.013,0.273,0.049
301,KINDER,ownDeveloped,EE,wh,0.263,0.013,0.259,0.036
302,KINDER,ownDeveloped,EE,dropship,0.251,0.013,0.242,0.03
303,KINDER,ownDeveloped,Domestic,mto,0.228,0.013,0.252,0.049
304,KINDER,ownDeveloped,Domestic,wh,0.235,0.013,0.237,0.036
305,KINDER,ownDeveloped,Domestic,dropship,0.224,0.013,0.221,0.03
306,KINDER,whiteLabel,Import,mto,0.299,0.013,0.316,0.049
307,KINDER,whiteLabel,Import,wh,0.306,0.013,0.301,0.036
308,KINDER,whiteLabel,Import,dropship,0.295,0.013,0.284,0.03
309,KINDER,whiteLabel,EE,mto,0.233,0.013,0.249,0.049
310,KINDER,whiteLabel,EE,wh,0.24,0.013,0.234,0.036
311,KINDER,whiteLabel,EE,dropship,0.229,0.013,0.217,0.03
312,KINDER,whiteLabel,Domestic,mto,0.205,0.013,0.227,0.049
313,KINDER,whiteLabel,Domestic,wh,0.212,0.013,0.212,0.035
314,KINDER,whiteLabel,Domestic,dropship,0.201,0.013,0.196,0.03
315,FLURMÖBEL,exclusive,Import,mto,0.447,0.012,0.405,0.042
316,FLURMÖBEL,exclusive,Import,wh,0.453,0.012,0.461,0.032
317,FLURMÖBEL,exclusive,Import,dropship,0.442,0.012,0.427,0.028
318,FLURMÖBEL,exclusive,EE,mto,0.381,0.012,0.338,0.042
319,FLURMÖBEL,exclusive,EE,wh,0.388,0.012,0.394,0.032
320,FLURMÖBEL,exclusive,EE,dropship,0.376,0.012,0.36,0.028
321,FLURMÖBEL,exclusive,Domestic,mto,0.353,0.012,0.316,0.042
322,FLURMÖBEL,exclusive,Domestic,wh,0.36,0.012,0.372,0.032
323,FLURMÖBEL,exclusive,Domestic,dropship,0.348,0.012,0.339,0.028
324,FLURMÖBEL,other,Import,mto,0.432,0.012,0.388,0.042
325,FLURMÖBEL,other,Import,wh,0.438,0.012,0.445,0.032
326,FLURMÖBEL,other,Import,dropship,0.427,0.012,0.411,0.028
327,FLURMÖBEL,other,EE,mto,0.366,0.012,0.321,0.042
328,FLURMÖBEL,other,EE,wh,0.373,0.012,0.378,0.032
329,FLURMÖBEL,other,EE,dropship,0.361,0.012,0.344,0.028
330,FLURMÖBEL,other,Domestic,mto,0.338,0.012,0.3,0.042
331,FLURMÖBEL,other,Domestic,wh,0.345,0.012,0.356,0.032
332,FLURMÖBEL,other,Domestic,dropship,0.333,0.012,0.322,0.028
333,FLURMÖBEL,thirdParty,Import,mto,0.419,0.012,0.374,0.042
334,FLURMÖBEL,thirdParty,Import,wh,0.426,0.012,0.43,0.032
335,FLURMÖBEL,thirdParty,Import,dropship,0.415,0.012,0.396,0.028
336,FLURMÖBEL,thirdParty,EE,mto,0.353,0.012,0.307,0.042
337,FLURMÖBEL,thirdParty,EE,wh,0.36,0.012,0.363,0.032
338,FLURMÖBEL,thirdParty,EE,dropship,0.349,0.012,0.329,0.028
339,FLURMÖBEL,thirdParty,Domestic,mto,0.325,0.012,0.285,0.042
340,FLURMÖBEL,thirdParty,Domestic,wh,0.332,0.012,0.342,0.032
341,FLURMÖBEL,thirdParty,Domestic,dropship,0.321,0.012,0.308,0.028
342,FLURMÖBEL,ownDeveloped,Import,mto,0.447,0.012,0.405,0.042
343,FLURMÖBEL,ownDeveloped,Import,wh,0.454,0.012,0.461,0.032
344,FLURMÖBEL,ownDeveloped,Import,dropship,0.443,0.012,0.428,0.028
345,FLURMÖBEL,ownDeveloped,EE,mto,0.381,0.012,0.338,0.042
346,FLURMÖBEL,ownDeveloped,EE,wh,0.388,0.012,0.394,0.032
347,FLURMÖBEL,ownDeveloped,EE,dropship,0.377,0.012,0.361,0.028
348,FLURMÖBEL,ownDeveloped,Domestic,mto,0.353,0.012,0.317,0.042
349,FLURMÖBEL,ownDeveloped,Domestic,wh,0.36,0.012,0.373,0.032
350,FLURMÖBEL,ownDeveloped,Domestic,dropship,0.349,0.012,0.339,0.028
351,FLURMÖBEL,whiteLabel,Import,mto,0.425,0.012,0.38,0.042
352,FLURMÖBEL,whiteLabel,Import,wh,0.432,0.012,0.436,0.032
353,FLURMÖBEL,whiteLabel,Import,dropship,0.421,0.012,0.403,0.028
354,FLURMÖBEL,whiteLabel,EE,mto,0.359,0.012,0.313,0.042
355,FLURMÖBEL,whiteLabel,EE,wh,0.366,0.012,0.369,0.032
356,FLURMÖBEL,whiteLabel,EE,dropship,0.355,0.012,0.336,0.028
357,FLURMÖBEL,whiteLabel,Domestic,mto,0.331,0.012,0.292,0.042
358,FLURMÖBEL,whiteLabel,Domestic,wh,0.338,0.012,0.348,0.032
359,FLURMÖBEL,whiteLabel,Domestic,dropship,0.327,0.012,0.314,0.028
360,SCHLAFZIMMERMÖBEL,exclusive,Import,mto,0.385,0.012,0.353,0.052
361,SCHLAFZIMMERMÖBEL,exclusive,Import,wh,0.392,0.012,0.394,0.045
362,SCHLAFZIMMERMÖBEL,exclusive,Import,dropship,0.381,0.012,0.418,0.036
363,SCHLAFZIMMERMÖBEL,exclusive,EE,mto,0.319,0.012,0.286,0.052
364,SCHLAFZIMMERMÖBEL,exclusive,EE,wh,0.326,0.012,0.327,0.045
365,SCHLAFZIMMERMÖBEL,exclusive,EE,dropship,0.315,0.012,0.351,0.036
366,SCHLAFZIMMERMÖBEL,exclusive,Domestic,mto,0.291,0.012,0.265,0.052
367,SCHLAFZIMMERMÖBEL,exclusive,Domestic,wh,0.298,0.012,0.306,0.045
368,SCHLAFZIMMERMÖBEL,exclusive,Domestic,dropship,0.287,0.012,0.33,0.036
369,SCHLAFZIMMERMÖBEL,other,Import,mto,0.37,0.012,0.337,0.052
370,SCHLAFZIMMERMÖBEL,other,Import,wh,0.377,0.012,0.378,0.045
371,SCHLAFZIMMERMÖBEL,other,Import,dropship,0.366,0.012,0.402,0.036
372,SCHLAFZIMMERMÖBEL,other,EE,mto,0.304,0.012,0.27,0.052
373,SCHLAFZIMMERMÖBEL,other,EE,wh,0.311,0.012,0.311,0.045
374,SCHLAFZIMMERMÖBEL,other,EE,dropship,0.3,0.012,0.335,0.036
375,SCHLAFZIMMERMÖBEL,other,Domestic,mto,0.276,0.012,0.249,0.052
376,SCHLAFZIMMERMÖBEL,other,Domestic,wh,0.283,0.012,0.289,0.045
377,SCHLAFZIMMERMÖBEL,other,Domestic,dropship,0.272,0.012,0.313,0.036
378,SCHLAFZIMMERMÖBEL,thirdParty,Import,mto,0.358,0.012,0.322,0.052
379,SCHLAFZIMMERMÖBEL,thirdParty,Import,wh,0.365,0.012,0.363,0.045
380,SCHLAFZIMMERMÖBEL,thirdParty,Import,dropship,0.354,0.012,0.387,0.036
381,SCHLAFZIMMERMÖBEL,thirdParty,EE,mto,0.292,0.012,0.255,0.052
382,SCHLAFZIMMERMÖBEL,thirdParty,EE,wh,0.299,0.012,0.296,0.045
383,SCHLAFZIMMERMÖBEL,thirdParty,EE,dropship,0.288,0.012,0.32,0.036
384,SCHLAFZIMMERMÖBEL,thirdParty,Domestic,mto,0.264,0.012,0.234,0.052
385,SCHLAFZIMMERMÖBEL,thirdParty,Domestic,wh,0.271,0.012,0.275,0.045
386,SCHLAFZIMMERMÖBEL,thirdParty,Domestic,dropship,0.26,0.012,0.299,0.036
387,SCHLAFZIMMERMÖBEL,ownDeveloped,Import,mto,0.386,0.012,0.354,0.052
388,SCHLAFZIMMERMÖBEL,ownDeveloped,Import,wh,0.393,0.012,0.394,0.045
389,SCHLAFZIMMERMÖBEL,ownDeveloped,Import,dropship,0.382,0.012,0.418,0.036
390,SCHLAFZIMMERMÖBEL,ownDeveloped,EE,mto,0.32,0.012,0.287,0.052
391,SCHLAFZIMMERMÖBEL,ownDeveloped,EE,wh,0.327,0.012,0.327,0.045
392,SCHLAFZIMMERMÖBEL,ownDeveloped,EE,dropship,0.316,0.012,0.351,0.036
393,SCHLAFZIMMERMÖBEL,ownDeveloped,Domestic,mto,0.292,0.012,0.265,0.052
394,SCHLAFZIMMERMÖBEL,ownDeveloped,Domestic,wh,0.299,0.012,0.306,0.045
395,SCHLAFZIMMERMÖBEL,ownDeveloped,Domestic,dropship,0.288,0.012,0.33,0.036
396,SCHLAFZIMMERMÖBEL,whiteLabel,Import,mto,0.364,0.012,0.329,0.052
397,SCHLAFZIMMERMÖBEL,whiteLabel,Import,wh,0.37,0.012,0.37,0.045
398,SCHLAFZIMMERMÖBEL,whiteLabel,Import,dropship,0.359,0.012,0.394,0.036
399,SCHLAFZIMMERMÖBEL,whiteLabel,EE,mto,0.298,0.012,0.262,0.052
400,SCHLAFZIMMERMÖBEL,whiteLabel,EE,wh,0.305,0.012,0.303,0.045
401,SCHLAFZIMMERMÖBEL,whiteLabel,EE,dropship,0.293,0.012,0.327,0.036
402,SCHLAFZIMMERMÖBEL,whiteLabel,Domestic,mto,0.27,0.012,0.24,0.052
403,SCHLAFZIMMERMÖBEL,whiteLabel,Domestic,wh,0.277,0.012,0.281,0.045
404,SCHLAFZIMMERMÖBEL,whiteLabel,Domestic,dropship,0.265,0.012,0.305,0.036
405,WOHNEN,exclusive,Import,mto,0.457,0.012,0.445,0.041
406,WOHNEN,exclusive,Import,wh,0.464,0.012,0.462,0.032
407,WOHNEN,exclusive,Import,dropship,0.452,0.012,0.462,0.028
408,WOHNEN,exclusive,EE,mto,0.391,0.012,0.378,0.041
409,WOHNEN,exclusive,EE,wh,0.398,0.012,0.395,0.032
410,WOHNEN,exclusive,EE,dropship,0.387,0.012,0.395,0.028
411,WOHNEN,exclusive,Domestic,mto,0.363,0.012,0.357,0.041
412,WOHNEN,exclusive,Domestic,wh,0.37,0.012,0.374,0.032
413,WOHNEN,exclusive,Domestic,dropship,0.359,0.012,0.374,0.028
414,WOHNEN,other,Import,mto,0.442,0.012,0.429,0.041
415,WOHNEN,other,Import,wh,0.449,0.012,0.446,0.032
416,WOHNEN,other,Import,dropship,0.437,0.012,0.446,0.028
417,WOHNEN,other,EE,mto,0.376,0.012,0.362,0.041
418,WOHNEN,other,EE,wh,0.383,0.012,0.379,0.032
419,WOHNEN,other,EE,dropship,0.372,0.012,0.379,0.028
420,WOHNEN,other,Domestic,mto,0.348,0.012,0.34,0.041
421,WOHNEN,other,Domestic,wh,0.355,0.012,0.357,0.032
422,WOHNEN,other,Domestic,dropship,0.344,0.012,0.357,0.028
423,WOHNEN,thirdParty,Import,mto,0.429,0.012,0.414,0.041
424,WOHNEN,thirdParty,Import,wh,0.436,0.012,0.431,0.032
425,WOHNEN,thirdParty,Import,dropship,0.425,0.012,0.431,0.028
426,WOHNEN,thirdParty,EE,mto,0.363,0.012,0.347,0.041
427,WOHNEN,thirdParty,EE,wh,0.37,0.012,0.364,0.032
428,WOHNEN,thirdParty,EE,dropship,0.359,0.012,0.364,0.028
429,WOHNEN,thirdParty,Domestic,mto,0.336,0.012,0.326,0.041
430,WOHNEN,thirdParty,Domestic,wh,0.342,0.012,0.343,0.032
431,WOHNEN,thirdParty,Domestic,dropship,0.331,0.012,0.343,0.028
432,WOHNEN,ownDeveloped,Import,mto,0.458,0.012,0.446,0.041
433,WOHNEN,ownDeveloped,Import,wh,0.464,0.012,0.463,0.032
434,WOHNEN,ownDeveloped,Import,dropship,0.453,0.012,0.462,0.028
435,WOHNEN,ownDeveloped,EE,mto,0.392,0.012,0.379,0.041
436,WOHNEN,ownDeveloped,EE,wh,0.398,0.012,0.396,0.032
437,WOHNEN,ownDeveloped,EE,dropship,0.387,0.012,0.395,0.028
438,WOHNEN,ownDeveloped,Domestic,mto,0.364,0.012,0.357,0.041
439,WOHNEN,ownDeveloped,Domestic,wh,0.371,0.012,0.374,0.032
440,WOHNEN,ownDeveloped,Domestic,dropship,0.359,0.012,0.374,0.028
441,WOHNEN,whiteLabel,Import,mto,0.435,0.012,0.421,0.041
442,WOHNEN,whiteLabel,Import,wh,0.442,0.012,0.438,0.032
443,WOHNEN,whiteLabel,Import,dropship,0.431,0.012,0.438,0.028
444,WOHNEN,whiteLabel,EE,mto,0.369,0.012,0.354,0.041
445,WOHNEN,whiteLabel,EE,wh,0.376,0.012,0.371,0.032
446,WOHNEN,whiteLabel,EE,dropship,0.365,0.012,0.371,0.028
447,WOHNEN,whiteLabel,Domestic,mto,0.341,0.012,0.332,0.041
448,WOHNEN,whiteLabel,Domestic,wh,0.348,0.012,0.349,0.032
449,WOHNEN,whiteLabel,Domestic,dropship,0.337,0.012,0.349,0.028
450,GARTEN,exclusive,Import,mto,0.324,0.012,0.308,0.045
451,GARTEN,exclusive,Import,wh,0.33,0.012,0.296,0.032
452,GARTEN,exclusive,Import,dropship,0.319,0.012,0.343,0.028
453,GARTEN,exclusive,EE,mto,0.258,0.012,0.241,0.045
454,GARTEN,exclusive,EE,wh,0.264,0.012,0.229,0.032
455,GARTEN,exclusive,EE,dropship,0.253,0.012,0.276,0.028
456,GARTEN,exclusive,Domestic,mto,0.23,0.012,0.219,0.045
457,GARTEN,exclusive,Domestic,wh,0.237,0.012,0.207,0.032
458,GARTEN,exclusive,Domestic,dropship,0.225,0.012,0.254,0.028
459,GARTEN,other,Import,mto,0.308,0.013,0.291,0.045
460,GARTEN,other,Import,wh,0.315,0.013,0.279,0.032
461,GARTEN,other,Import,dropship,0.304,0.013,0.326,0.028
462,GARTEN,other,EE,mto,0.243,0.013,0.224,0.045
463,GARTEN,other,EE,wh,0.249,0.013,0.212,0.032
464,GARTEN,other,EE,dropship,0.238,0.013,0.259,0.028
465,GARTEN,other,Domestic,mto,0.215,0.013,0.203,0.045
466,GARTEN,other,Domestic,wh,0.222,0.012,0.191,0.032
467,GARTEN,other,Domestic,dropship,0.21,0.013,0.238,0.028
468,GARTEN,thirdParty,Import,mto,0.296,0.013,0.277,0.045
469,GARTEN,thirdParty,Import,wh,0.303,0.012,0.265,0.032
470,GARTEN,thirdParty,Import,dropship,0.292,0.013,0.312,0.028
471,GARTEN,thirdParty,EE,mto,0.23,0.013,0.21,0.045
472,GARTEN,thirdParty,EE,wh,0.237,0.013,0.198,0.032
473,GARTEN,thirdParty,EE,dropship,0.226,0.013,0.245,0.028
474,GARTEN,thirdParty,Domestic,mto,0.202,0.012,0.188,0.045
475,GARTEN,thirdParty,Domestic,wh,0.209,0.012,0.176,0.032
476,GARTEN,thirdParty,Domestic,dropship,0.198,0.012,0.223,0.028
477,GARTEN,ownDeveloped,Import,mto,0.324,0.013,0.308,0.045
478,GARTEN,ownDeveloped,Import,wh,0.331,0.013,0.296,0.032
479,GARTEN,ownDeveloped,Import,dropship,0.32,0.013,0.343,0.028
480,GARTEN,ownDeveloped,EE,mto,0.258,0.013,0.241,0.045
481,GARTEN,ownDeveloped,EE,wh,0.265,0.013,0.229,0.032
482,GARTEN,ownDeveloped,EE,dropship,0.254,0.013,0.276,0.028
483,GARTEN,ownDeveloped,Domestic,mto,0.23,0.013,0.219,0.045
484,GARTEN,ownDeveloped,Domestic,wh,0.237,0.012,0.207,0.032
485,GARTEN,ownDeveloped,Domestic,dropship,0.226,0.013,0.254,0.028
486,GARTEN,whiteLabel,Import,mto,0.302,0.012,0.283,0.045
487,GARTEN,whiteLabel,Import,wh,0.309,0.012,0.271,0.032
488,GARTEN,whiteLabel,Import,dropship,0.298,0.012,0.318,0.028
489,GARTEN,whiteLabel,EE,mto,0.236,0.013,0.216,0.045
490,GARTEN,whiteLabel,EE,wh,0.243,0.012,0.204,0.032
491,GARTEN,whiteLabel,EE,dropship,0.232,0.013,0.251,0.028
492,GARTEN,whiteLabel,Domestic,mto,0.208,0.012,0.195,0.045
493,GARTEN,whiteLabel,Domestic,wh,0.215,0.012,0.183,0.032
494,GARTEN,whiteLabel,Domestic,dropship,0.204,0.012,0.23,0.028
495,KÜCHE,exclusive,Import,mto,0.459,0.018,0.499,0.081
496,KÜCHE,exclusive,Import,wh,0.466,0.017,0.436,0.047
497,KÜCHE,exclusive,Import,dropship,0.455,0.018,0.49,0.035
498,KÜCHE,exclusive,EE,mto,0.393,0.018,0.432,0.081
499,KÜCHE,exclusive,EE,wh,0.4,0.018,0.369,0.047
500,KÜCHE,exclusive,EE,dropship,0.389,0.018,0.423,0.035
501,KÜCHE,exclusive,Domestic,mto,0.366,0.017,0.411,0.081
502,KÜCHE,exclusive,Domestic,wh,0.372,0.017,0.348,0.047
503,KÜCHE,exclusive,Domestic,dropship,0.361,0.017,0.401,0.035
504,KÜCHE,other,Import,mto,0.444,0.018,0.483,0.081
505,KÜCHE,other,Import,wh,0.451,0.018,0.42,0.047
506,KÜCHE,other,Import,dropship,0.44,0.018,0.473,0.035
507,KÜCHE,other,EE,mto,0.378,0.018,0.416,0.081
508,KÜCHE,other,EE,wh,0.385,0.018,0.353,0.047
509,KÜCHE,other,EE,dropship,0.374,0.018,0.406,0.035
510,KÜCHE,other,Domestic,mto,0.351,0.018,0.394,0.081
511,KÜCHE,other,Domestic,wh,0.357,0.018,0.331,0.047
512,KÜCHE,other,Domestic,dropship,0.346,0.018,0.385,0.035
513,KÜCHE,thirdParty,Import,mto,0.432,0.018,0.468,0.081
514,KÜCHE,thirdParty,Import,wh,0.439,0.018,0.405,0.047
515,KÜCHE,thirdParty,Import,dropship,0.428,0.018,0.459,0.035
516,KÜCHE,thirdParty,EE,mto,0.366,0.018,0.401,0.081
517,KÜCHE,thirdParty,EE,wh,0.373,0.018,0.338,0.047
518,KÜCHE,thirdParty,EE,dropship,0.362,0.018,0.392,0.035
519,KÜCHE,thirdParty,Domestic,mto,0.338,0.018,0.38,0.081
520,KÜCHE,thirdParty,Domestic,wh,0.345,0.018,0.317,0.047
521,KÜCHE,thirdParty,Domestic,dropship,0.334,0.018,0.37,0.035
522,KÜCHE,ownDeveloped,Import,mto,0.46,0.018,0.499,0.081
523,KÜCHE,ownDeveloped,Import,wh,0.467,0.018,0.437,0.047
524,KÜCHE,ownDeveloped,Import,dropship,0.456,0.018,0.49,0.035
525,KÜCHE,ownDeveloped,EE,mto,0.394,0.018,0.432,0.081
526,KÜCHE,ownDeveloped,EE,wh,0.401,0.018,0.37,0.047
527,KÜCHE,ownDeveloped,EE,dropship,0.39,0.018,0.423,0.035
528,KÜCHE,ownDeveloped,Domestic,mto,0.366,0.018,0.411,0.081
529,KÜCHE,ownDeveloped,Domestic,wh,0.373,0.018,0.348,0.047
530,KÜCHE,ownDeveloped,Domestic,dropship,0.362,0.018,0.402,0.035
531,KÜCHE,whiteLabel,Import,mto,0.438,0.018,0.475,0.081
532,KÜCHE,whiteLabel,Import,wh,0.445,0.018,0.412,0.047
533,KÜCHE,whiteLabel,Import,dropship,0.433,0.018,0.465,0.035
534,KÜCHE,whiteLabel,EE,mto,0.372,0.018,0.408,0.081
535,KÜCHE,whiteLabel,EE,wh,0.379,0.018,0.345,0.047
536,KÜCHE,whiteLabel,EE,dropship,0.368,0.018,0.398,0.035
537,KÜCHE,whiteLabel,Domestic,mto,0.344,0.018,0.386,0.081
538,KÜCHE,whiteLabel,Domestic,wh,0.351,0.017,0.323,0.047
539,KÜCHE,whiteLabel,Domestic,dropship,0.34,0.018,0.377,0.035
540,BOUTIQUE,exclusive,Import,mto,0.338,0.012,0.37,0.045
541,BOUTIQUE,exclusive,Import,wh,0.345,0.012,0.311,0.033
542,BOUTIQUE,exclusive,Import,dropship,0.334,0.012,0.336,0.028
543,BOUTIQUE,exclusive,EE,mto,0.272,0.012,0.303,0.045
544,BOUTIQUE,exclusive,EE,wh,0.279,0.012,0.245,0.033
545,BOUTIQUE,exclusive,EE,dropship,0.268,0.012,0.269,0.028
546,BOUTIQUE,exclusive,Domestic,mto,0.245,0.012,0.281,0.045
547,BOUTIQUE,exclusive,Domestic,wh,0.251,0.012,0.223,0.032
548,BOUTIQUE,exclusive,Domestic,dropship,0.24,0.012,0.247,0.028
549,BOUTIQUE,other,Import,mto,0.323,0.012,0.353,0.045
550,BOUTIQUE,other,Import,wh,0.33,0.012,0.295,0.033
551,BOUTIQUE,other,Import,dropship,0.319,0.012,0.319,0.028
552,BOUTIQUE,other,EE,mto,0.257,0.013,0.287,0.045
553,BOUTIQUE,other,EE,wh,0.264,0.012,0.228,0.033
554,BOUTIQUE,other,EE,dropship,0.253,0.013,0.252,0.028
555,BOUTIQUE,other,Domestic,mto,0.229,0.012,0.265,0.045
556,BOUTIQUE,other,Domestic,wh,0.236,0.012,0.207,0.033
557,BOUTIQUE,other,Domestic,dropship,0.225,0.012,0.231,0.028
558,BOUTIQUE,thirdParty,Import,mto,0.311,0.012,0.339,0.045
559,BOUTIQUE,thirdParty,Import,wh,0.318,0.012,0.281,0.033
560,BOUTIQUE,thirdParty,Import,dropship,0.307,0.012,0.305,0.028
561,BOUTIQUE,thirdParty,EE,mto,0.245,0.012,0.272,0.045
562,BOUTIQUE,thirdParty,EE,wh,0.252,0.012,0.214,0.033
563,BOUTIQUE,thirdParty,EE,dropship,0.241,0.012,0.238,0.028
564,BOUTIQUE,thirdParty,Domestic,mto,0.217,0.012,0.25,0.045
565,BOUTIQUE,thirdParty,Domestic,wh,0.224,0.012,0.192,0.033
566,BOUTIQUE,thirdParty,Domestic,dropship,0.213,0.012,0.216,0.028
567,BOUTIQUE,ownDeveloped,Import,mto,0.339,0.012,0.37,0.045
568,BOUTIQUE,ownDeveloped,Import,wh,0.346,0.012,0.312,0.033
569,BOUTIQUE,ownDeveloped,Import,dropship,0.335,0.012,0.336,0.028
570,BOUTIQUE,ownDeveloped,EE,mto,0.273,0.013,0.303,0.045
571,BOUTIQUE,ownDeveloped,EE,wh,0.28,0.012,0.245,0.033
572,BOUTIQUE,ownDeveloped,EE,dropship,0.269,0.013,0.269,0.028
573,BOUTIQUE,ownDeveloped,Domestic,mto,0.245,0.012,0.282,0.045
574,BOUTIQUE,ownDeveloped,Domestic,wh,0.252,0.012,0.223,0.033
575,BOUTIQUE,ownDeveloped,Domestic,dropship,0.241,0.012,0.248,0.028
576,BOUTIQUE,whiteLabel,Import,mto,0.317,0.012,0.345,0.045
577,BOUTIQUE,whiteLabel,Import,wh,0.324,0.012,0.287,0.033
578,BOUTIQUE,whiteLabel,Import,dropship,0.312,0.012,0.311,0.028
579,BOUTIQUE,whiteLabel,EE,mto,0.251,0.012,0.278,0.045
580,BOUTIQUE,whiteLabel,EE,wh,0.258,0.012,0.22,0.033
581,BOUTIQUE,whiteLabel,EE,dropship,0.246,0.012,0.244,0.028
582,BOUTIQUE,whiteLabel,Domestic,mto,0.223,0.012,0.257,0.045
583,BOUTIQUE,whiteLabel,Domestic,wh,0.23,0.012,0.199,0.033
584,BOUTIQUE,whiteLabel,Domestic,dropship,0.219,0.012,0.223,0.028
585,BABY,exclusive,Import,mto,0.298,0.009,0.322,0.021
586,BABY,exclusive,Import,wh,0.305,0.008,0.324,0.01
587,BABY,exclusive,Import,dropship,0.294,0.009,0.182,0.02
588,BABY,exclusive,EE,mto,0.232,0.009,0.255,0.021
589,BABY,exclusive,EE,wh,0.239,0.009,0.257,0.01
590,BABY,exclusive,EE,dropship,0.228,0.009,0.115,0.02
591,BABY,exclusive,Domestic,mto,0.204,0.008,0.234,0.021
592,BABY,exclusive,Domestic,wh,0.211,0.008,0.235,0.01
593,BABY,exclusive,Domestic,dropship,0.2,0.008,0.094,0.02
594,BABY,other,Import,mto,0.283,0.009,0.306,0.021
595,BABY,other,Import,wh,0.29,0.009,0.308,0.01
596,BABY,other,Import,dropship,0.279,0.009,0.166,0.02
597,BABY,other,EE,mto,0.217,0.009,0.239,0.021
598,BABY,other,EE,wh,0.224,0.009,0.241,0.011
599,BABY,other,EE,dropship,0.213,0.009,0.099,0.02
600,BABY,other,Domestic,mto,0.189,0.009,0.217,0.021
601,BABY,other,Domestic,wh,0.196,0.009,0.219,0.01
602,BABY,other,Domestic,dropship,0.185,0.009,0.077,0.02
603,BABY,thirdParty,Import,mto,0.271,0.009,0.291,0.021
604,BABY,thirdParty,Import,wh,0.278,0.009,0.293,0.01
605,BABY,thirdParty,Import,dropship,0.266,0.009,0.151,0.02
606,BABY,thirdParty,EE,mto,0.205,0.009,0.224,0.021
607,BABY,thirdParty,EE,wh,0.212,0.009,0.226,0.01
608,BABY,thirdParty,EE,dropship,0.2,0.009,0.084,0.02
609,BABY,thirdParty,Domestic,mto,0.177,0.009,0.203,0.021
610,BABY,thirdParty,Domestic,wh,0.184,0.009,0.204,0.01
611,BABY,thirdParty,Domestic,dropship,0.173,0.009,0.063,0.02
612,BABY,ownDeveloped,Import,mto,0.299,0.009,0.322,0.021
613,BABY,ownDeveloped,Import,wh,0.306,0.009,0.324,0.01
614,BABY,ownDeveloped,Import,dropship,0.294,0.009,0.183,0.02
615,BABY,ownDeveloped,EE,mto,0.233,0.009,0.255,0.021
616,BABY,ownDeveloped,EE,wh,0.24,0.009,0.257,0.01
617,BABY,ownDeveloped,EE,dropship,0.229,0.009,0.116,0.02
618,BABY,ownDeveloped,Domestic,mto,0.205,0.009,0.234,0.021
619,BABY,ownDeveloped,Domestic,wh,0.212,0.009,0.236,0.01
620,BABY,ownDeveloped,Domestic,dropship,0.201,0.009,0.094,0.02
621,BABY,whiteLabel,Import,mto,0.276,0.009,0.298,0.021
622,BABY,whiteLabel,Import,wh,0.283,0.009,0.299,0.01
623,BABY,whiteLabel,Import,dropship,0.272,0.009,0.158,0.02
624,BABY,whiteLabel,EE,mto,0.21,0.009,0.231,0.021
625,BABY,whiteLabel,EE,wh,0.217,0.009,0.232,0.01
626,BABY,whiteLabel,EE,dropship,0.206,0.009,0.091,0.02
627,BABY,whiteLabel,Domestic,mto,0.183,0.009,0.209,0.021
628,BABY,whiteLabel,Domestic,wh,0.189,0.008,0.211,0.01
629,BABY,whiteLabel,Domestic,dropship,0.178,0.009,0.069,0.02
630,HEIMTEXTILIEN,exclusive,Import,mto,0.362,0.012,0.449,0.21
631,HEIMTEXTILIEN,exclusive,Import,wh,0.369,0.012,0.325,0.032
632,HEIMTEXTILIEN,exclusive,Import,dropship,0.358,0.012,0.365,0.028
633,HEIMTEXTILIEN,exclusive,EE,mto,0.296,0.012,0.382,0.21
634,HEIMTEXTILIEN,exclusive,EE,wh,0.303,0.012,0.258,0.032
635,HEIMTEXTILIEN,exclusive,EE,dropship,0.292,0.012,0.298,0.028
636,HEIMTEXTILIEN,exclusive,Domestic,mto,0.268,0.012,0.36,0.21
637,HEIMTEXTILIEN,exclusive,Domestic,wh,0.275,0.012,0.237,0.032
638,HEIMTEXTILIEN,exclusive,Domestic,dropship,0.264,0.012,0.277,0.028
639,HEIMTEXTILIEN,other,Import,mto,0.347,0.012,0.432,0.21
640,HEIMTEXTILIEN,other,Import,wh,0.354,0.012,0.309,0.032
641,HEIMTEXTILIEN,other,Import,dropship,0.343,0.012,0.349,0.028
642,HEIMTEXTILIEN,other,EE,mto,0.281,0.012,0.365,0.21
643,HEIMTEXTILIEN,other,EE,wh,0.288,0.012,0.242,0.032
644,HEIMTEXTILIEN,other,EE,dropship,0.277,0.013,0.282,0.028
645,HEIMTEXTILIEN,other,Domestic,mto,0.253,0.012,0.344,0.21
646,HEIMTEXTILIEN,other,Domestic,wh,0.26,0.012,0.22,0.032
647,HEIMTEXTILIEN,other,Domestic,dropship,0.249,0.012,0.26,0.028
648,HEIMTEXTILIEN,thirdParty,Import,mto,0.334,0.012,0.418,0.21
649,HEIMTEXTILIEN,thirdParty,Import,wh,0.341,0.012,0.294,0.032
650,HEIMTEXTILIEN,thirdParty,Import,dropship,0.33,0.012,0.334,0.028
651,HEIMTEXTILIEN,thirdParty,EE,mto,0.269,0.012,0.351,0.21
652,HEIMTEXTILIEN,thirdParty,EE,wh,0.275,0.012,0.227,0.032
653,HEIMTEXTILIEN,thirdParty,EE,dropship,0.264,0.012,0.267,0.028
654,HEIMTEXTILIEN,thirdParty,Domestic,mto,0.241,0.012,0.329,0.21
655,HEIMTEXTILIEN,thirdParty,Domestic,wh,0.248,0.012,0.206,0.032
656,HEIMTEXTILIEN,thirdParty,Domestic,dropship,0.236,0.012,0.246,0.028
657,HEIMTEXTILIEN,ownDeveloped,Import,mto,0.363,0.012,0.449,0.21
658,HEIMTEXTILIEN,ownDeveloped,Import,wh,0.369,0.012,0.325,0.032
659,HEIMTEXTILIEN,ownDeveloped,Import,dropship,0.358,0.012,0.366,0.028
660,HEIMTEXTILIEN,ownDeveloped,EE,mto,0.297,0.012,0.382,0.21
661,HEIMTEXTILIEN,ownDeveloped,EE,wh,0.304,0.012,0.258,0.032
662,HEIMTEXTILIEN,ownDeveloped,EE,dropship,0.292,0.012,0.299,0.028
663,HEIMTEXTILIEN,ownDeveloped,Domestic,mto,0.269,0.012,0.36,0.21
664,HEIMTEXTILIEN,ownDeveloped,Domestic,wh,0.276,0.012,0.237,0.032
665,HEIMTEXTILIEN,ownDeveloped,Domestic,dropship,0.264,0.012,0.277,0.028
666,HEIMTEXTILIEN,whiteLabel,Import,mto,0.34,0.012,0.424,0.21
667,HEIMTEXTILIEN,whiteLabel,Import,wh,0.347,0.012,0.301,0.032
668,HEIMTEXTILIEN,whiteLabel,Import,dropship,0.336,0.012,0.341,0.028
669,HEIMTEXTILIEN,whiteLabel,EE,mto,0.274,0.012,0.357,0.21
670,HEIMTEXTILIEN,whiteLabel,EE,wh,0.281,0.012,0.234,0.032
671,HEIMTEXTILIEN,whiteLabel,EE,dropship,0.27,0.012,0.274,0.028
672,HEIMTEXTILIEN,whiteLabel,Domestic,mto,0.246,0.012,0.336,0.21
673,HEIMTEXTILIEN,whiteLabel,Domestic,wh,0.253,0.012,0.212,0.032
674,HEIMTEXTILIEN,whiteLabel,Domestic,dropship,0.242,0.012,0.252,0.028
675,MATRATZEN&LATTENROSTE,exclusive,Import,mto,0.428,0.012,0.431,0.048
676,MATRATZEN&LATTENROSTE,exclusive,Import,wh,0.435,0.012,0.434,0.037
677,MATRATZEN&LATTENROSTE,exclusive,Import,dropship,0.424,0.012,0.399,0.031
678,MATRATZEN&LATTENROSTE,exclusive,EE,mto,0.362,0.012,0.364,0.048
679,MATRATZEN&LATTENROSTE,exclusive,EE,wh,0.369,0.012,0.367,0.037
680,MATRATZEN&LATTENROSTE,exclusive,EE,dropship,0.358,0.012,0.332,0.031
681,MATRATZEN&LATTENROSTE,exclusive,Domestic,mto,0.334,0.012,0.342,0.048
682,MATRATZEN&LATTENROSTE,exclusive,Domestic,wh,0.341,0.012,0.346,0.037
683,MATRATZEN&LATTENROSTE,exclusive,Domestic,dropship,0.33,0.012,0.31,0.031
684,MATRATZEN&LATTENROSTE,other,Import,mto,0.413,0.012,0.414,0.048
685,MATRATZEN&LATTENROSTE,other,Import,wh,0.42,0.012,0.418,0.037
686,MATRATZEN&LATTENROSTE,other,Import,dropship,0.409,0.012,0.382,0.031
687,MATRATZEN&LATTENROSTE,other,EE,mto,0.347,0.012,0.347,0.048
688,MATRATZEN&LATTENROSTE,other,EE,wh,0.354,0.012,0.351,0.037
689,MATRATZEN&LATTENROSTE,other,EE,dropship,0.343,0.012,0.315,0.031
690,MATRATZEN&LATTENROSTE,other,Domestic,mto,0.319,0.012,0.326,0.048
691,MATRATZEN&LATTENROSTE,other,Domestic,wh,0.326,0.012,0.329,0.037
692,MATRATZEN&LATTENROSTE,other,Domestic,dropship,0.315,0.012,0.294,0.031
693,MATRATZEN&LATTENROSTE,thirdParty,Import,mto,0.4,0.012,0.4,0.048
694,MATRATZEN&LATTENROSTE,thirdParty,Import,wh,0.407,0.012,0.403,0.037
695,MATRATZEN&LATTENROSTE,thirdParty,Import,dropship,0.396,0.012,0.368,0.031
696,MATRATZEN&LATTENROSTE,thirdParty,EE,mto,0.335,0.012,0.333,0.048
697,MATRATZEN&LATTENROSTE,thirdParty,EE,wh,0.341,0.012,0.336,0.037
698,MATRATZEN&LATTENROSTE,thirdParty,EE,dropship,0.33,0.012,0.301,0.031
699,MATRATZEN&LATTENROSTE,thirdParty,Domestic,mto,0.307,0.012,0.311,0.048
700,MATRATZEN&LATTENROSTE,thirdParty,Domestic,wh,0.314,0.012,0.315,0.037
701,MATRATZEN&LATTENROSTE,thirdParty,Domestic,dropship,0.302,0.012,0.279,0.031
702,MATRATZEN&LATTENROSTE,ownDeveloped,Import,mto,0.429,0.012,0.431,0.048
703,MATRATZEN&LATTENROSTE,ownDeveloped,Import,wh,0.435,0.012,0.434,0.037
704,MATRATZEN&LATTENROSTE,ownDeveloped,Import,dropship,0.424,0.012,0.399,0.031
705,MATRATZEN&LATTENROSTE,ownDeveloped,EE,mto,0.363,0.012,0.364,0.048
706,MATRATZEN&LATTENROSTE,ownDeveloped,EE,wh,0.37,0.012,0.367,0.037
707,MATRATZEN&LATTENROSTE,ownDeveloped,EE,dropship,0.358,0.012,0.332,0.031
708,MATRATZEN&LATTENROSTE,ownDeveloped,Domestic,mto,0.335,0.012,0.343,0.048
709,MATRATZEN&LATTENROSTE,ownDeveloped,Domestic,wh,0.342,0.012,0.346,0.037
710,MATRATZEN&LATTENROSTE,ownDeveloped,Domestic,dropship,0.33,0.012,0.311,0.031
711,MATRATZEN&LATTENROSTE,whiteLabel,Import,mto,0.406,0.012,0.406,0.048
712,MATRATZEN&LATTENROSTE,whiteLabel,Import,wh,0.413,0.012,0.41,0.037
713,MATRATZEN&LATTENROSTE,whiteLabel,Import,dropship,0.402,0.012,0.374,0.031
714,MATRATZEN&LATTENROSTE,whiteLabel,EE,mto,0.34,0.012,0.339,0.048
715,MATRATZEN&LATTENROSTE,whiteLabel,EE,wh,0.347,0.012,0.343,0.037
716,MATRATZEN&LATTENROSTE,whiteLabel,EE,dropship,0.336,0.012,0.307,0.031
717,MATRATZEN&LATTENROSTE,whiteLabel,Domestic,mto,0.312,0.012,0.318,0.048
718,MATRATZEN&LATTENROSTE,whiteLabel,Domestic,wh,0.319,0.012,0.321,0.037
719,MATRATZEN&LATTENROSTE,whiteLabel,Domestic,dropship,0.308,0.012,0.286,0.031
720,BETTEN,exclusive,Import,mto,0.368,0.012,0.383,0.094
721,BETTEN,exclusive,Import,wh,0.375,0.012,0.372,0.09
722,BETTEN,exclusive,Import,dropship,0.364,0.012,0.442,0.066
723,BETTEN,exclusive,EE,mto,0.302,0.012,0.316,0.094
724,BETTEN,exclusive,EE,wh,0.309,0.012,0.305,0.09
725,BETTEN,exclusive,EE,dropship,0.298,0.012,0.375,0.066
726,BETTEN,exclusive,Domestic,mto,0.274,0.012,0.294,0.094
727,BETTEN,exclusive,Domestic,wh,0.281,0.012,0.284,0.09
728,BETTEN,exclusive,Domestic,dropship,0.27,0.012,0.353,0.066
729,BETTEN,other,Import,mto,0.353,0.012,0.366,0.094
730,BETTEN,other,Import,wh,0.36,0.012,0.356,0.09
731,BETTEN,other,Import,dropship,0.349,0.012,0.425,0.066
732,BETTEN,other,EE,mto,0.287,0.012,0.299,0.094
733,BETTEN,other,EE,wh,0.294,0.012,0.289,0.09
734,BETTEN,other,EE,dropship,0.283,0.012,0.358,0.066
735,BETTEN,other,Domestic,mto,0.259,0.012,0.278,0.094
736,BETTEN,other,Domestic,wh,0.266,0.012,0.267,0.09
737,BETTEN,other,Domestic,dropship,0.255,0.012,0.337,0.066
738,BETTEN,thirdParty,Import,mto,0.341,0.012,0.352,0.094
739,BETTEN,thirdParty,Import,wh,0.348,0.012,0.341,0.09
740,BETTEN,thirdParty,Import,dropship,0.336,0.012,0.411,0.066
741,BETTEN,thirdParty,EE,mto,0.275,0.012,0.285,0.094
742,BETTEN,thirdParty,EE,wh,0.282,0.012,0.274,0.09
743,BETTEN,thirdParty,EE,dropship,0.27,0.012,0.344,0.066
744,BETTEN,thirdParty,Domestic,mto,0.247,0.012,0.263,0.094
745,BETTEN,thirdParty,Domestic,wh,0.254,0.012,0.253,0.09
746,BETTEN,thirdParty,Domestic,dropship,0.243,0.012,0.322,0.066
747,BETTEN,ownDeveloped,Import,mto,0.369,0.012,0.383,0.094
748,BETTEN,ownDeveloped,Import,wh,0.376,0.012,0.372,0.09
749,BETTEN,ownDeveloped,Import,dropship,0.364,0.012,0.442,0.066
750,BETTEN,ownDeveloped,EE,mto,0.303,0.012,0.316,0.094
751,BETTEN,ownDeveloped,EE,wh,0.31,0.012,0.305,0.09
752,BETTEN,ownDeveloped,EE,dropship,0.299,0.012,0.375,0.066
753,BETTEN,ownDeveloped,Domestic,mto,0.275,0.012,0.295,0.094
754,BETTEN,ownDeveloped,Domestic,wh,0.282,0.012,0.284,0.09
755,BETTEN,ownDeveloped,Domestic,dropship,0.271,0.012,0.353,0.066
756,BETTEN,whiteLabel,Import,mto,0.346,0.012,0.358,0.094
757,BETTEN,whiteLabel,Import,wh,0.353,0.012,0.348,0.09
758,BETTEN,whiteLabel,Import,dropship,0.342,0.012,0.417,0.066
759,BETTEN,whiteLabel,EE,mto,0.28,0.012,0.291,0.094
760,BETTEN,whiteLabel,EE,wh,0.287,0.012,0.281,0.09
761,BETTEN,whiteLabel,EE,dropship,0.276,0.012,0.35,0.066
762,BETTEN,whiteLabel,Domestic,mto,0.253,0.012,0.27,0.094
763,BETTEN,whiteLabel,Domestic,wh,0.259,0.012,0.259,0.09
764,BETTEN,whiteLabel,Domestic,dropship,0.248,0.012,0.329,0.066
765,BAD,exclusive,Import,mto,0.458,0.012,0.436,0.042
766,BAD,exclusive,Import,wh,0.465,0.012,0.481,0.032
767,BAD,exclusive,Import,dropship,0.454,0.012,0.441,0.028
768,BAD,exclusive,EE,mto,0.392,0.012,0.369,0.043
769,BAD,exclusive,EE,wh,0.399,0.012,0.414,0.032
770,BAD,exclusive,EE,dropship,0.388,0.012,0.374,0.028
771,BAD,exclusive,Domestic,mto,0.364,0.012,0.347,0.042
772,BAD,exclusive,Domestic,wh,0.371,0.012,0.392,0.032
773,BAD,exclusive,Domestic,dropship,0.36,0.012,0.352,0.028
774,BAD,other,Import,mto,0.443,0.012,0.419,0.043
775,BAD,other,Import,wh,0.45,0.012,0.464,0.032
776,BAD,other,Import,dropship,0.439,0.012,0.424,0.028
777,BAD,other,EE,mto,0.377,0.012,0.352,0.043
778,BAD,other,EE,wh,0.384,0.012,0.397,0.032
779,BAD,other,EE,dropship,0.373,0.012,0.357,0.028
780,BAD,other,Domestic,mto,0.349,0.012,0.331,0.043
781,BAD,other,Domestic,wh,0.356,0.012,0.376,0.032
782,BAD,other,Domestic,dropship,0.345,0.012,0.336,0.028
783,BAD,thirdParty,Import,mto,0.431,0.012,0.405,0.043
784,BAD,thirdParty,Import,wh,0.438,0.012,0.45,0.032
785,BAD,thirdParty,Import,dropship,0.426,0.012,0.41,0.028
786,BAD,thirdParty,EE,mto,0.365,0.012,0.338,0.043
787,BAD,thirdParty,EE,wh,0.372,0.012,0.383,0.032
788,BAD,thirdParty,EE,dropship,0.36,0.012,0.343,0.028
789,BAD,thirdParty,Domestic,mto,0.337,0.012,0.316,0.043
790,BAD,thirdParty,Domestic,wh,0.344,0.012,0.361,0.032
791,BAD,thirdParty,Domestic,dropship,0.333,0.012,0.321,0.028
792,BAD,ownDeveloped,Import,mto,0.459,0.012,0.436,0.043
793,BAD,ownDeveloped,Import,wh,0.466,0.012,0.481,0.032
794,BAD,ownDeveloped,Import,dropship,0.454,0.012,0.441,0.028
795,BAD,ownDeveloped,EE,mto,0.393,0.012,0.369,0.043
796,BAD,ownDeveloped,EE,wh,0.4,0.012,0.414,0.032
797,BAD,ownDeveloped,EE,dropship,0.389,0.012,0.374,0.028
798,BAD,ownDeveloped,Domestic,mto,0.365,0.012,0.347,0.043
799,BAD,ownDeveloped,Domestic,wh,0.372,0.012,0.392,0.032
800,BAD,ownDeveloped,Domestic,dropship,0.361,0.012,0.352,0.028
801,BAD,whiteLabel,Import,mto,0.436,0.012,0.411,0.043
802,BAD,whiteLabel,Import,wh,0.443,0.012,0.456,0.032
803,BAD,whiteLabel,Import,dropship,0.432,0.012,0.416,0.028
804,BAD,whiteLabel,EE,mto,0.37,0.012,0.344,0.043
805,BAD,whiteLabel,EE,wh,0.377,0.012,0.389,0.032
806,BAD,whiteLabel,EE,dropship,0.366,0.012,0.349,0.028
807,BAD,whiteLabel,Domestic,mto,0.343,0.012,0.323,0.042
808,BAD,whiteLabel,Domestic,wh,0.349,0.012,0.368,0.032
809,BAD,whiteLabel,Domestic,dropship,0.338,0.012,0.328,0.028
810,ESSZIMMERSTÜHLE&BÄNKE,exclusive,Import,mto,0.453,0.012,0.406,0.041
811,ESSZIMMERSTÜHLE&BÄNKE,exclusive,Import,wh,0.46,0.012,0.468,0.032
812,ESSZIMMERSTÜHLE&BÄNKE,exclusive,Import,dropship,0.449,0.012,0.425,0.028
813,ESSZIMMERSTÜHLE&BÄNKE,exclusive,EE,mto,0.387,0.012,0.339,0.041
814,ESSZIMMERSTÜHLE&BÄNKE,exclusive,EE,wh,0.394,0.012,0.401,0.032
815,ESSZIMMERSTÜHLE&BÄNKE,exclusive,EE,dropship,0.383,0.012,0.358,0.028
816,ESSZIMMERSTÜHLE&BÄNKE,exclusive,Domestic,mto,0.359,0.012,0.318,0.041
817,ESSZIMMERSTÜHLE&BÄNKE,exclusive,Domestic,wh,0.366,0.012,0.38,0.032
818,ESSZIMMERSTÜHLE&BÄNKE,exclusive,Domestic,dropship,0.355,0.012,0.337,0.028
819,ESSZIMMERSTÜHLE&BÄNKE,other,Import,mto,0.438,0.012,0.39,0.041
820,ESSZIMMERSTÜHLE&BÄNKE,other,Import,wh,0.445,0.012,0.452,0.032
821,ESSZIMMERSTÜHLE&BÄNKE,other,Import,dropship,0.434,0.012,0.409,0.028
822,ESSZIMMERSTÜHLE&BÄNKE,other,EE,mto,0.372,0.012,0.323,0.041
823,ESSZIMMERSTÜHLE&BÄNKE,other,EE,wh,0.379,0.012,0.385,0.032
824,ESSZIMMERSTÜHLE&BÄNKE,other,EE,dropship,0.368,0.012,0.342,0.028
825,ESSZIMMERSTÜHLE&BÄNKE,other,Domestic,mto,0.344,0.012,0.301,0.041
826,ESSZIMMERSTÜHLE&BÄNKE,other,Domestic,wh,0.351,0.012,0.363,0.032
827,ESSZIMMERSTÜHLE&BÄNKE,other,Domestic,dropship,0.34,0.012,0.32,0.028
828,ESSZIMMERSTÜHLE&BÄNKE,thirdParty,Import,mto,0.426,0.012,0.375,0.041
829,ESSZIMMERSTÜHLE&BÄNKE,thirdParty,Import,wh,0.433,0.012,0.437,0.032
830,ESSZIMMERSTÜHLE&BÄNKE,thirdParty,Import,dropship,0.421,0.012,0.394,0.028
831,ESSZIMMERSTÜHLE&BÄNKE,thirdParty,EE,mto,0.36,0.012,0.308,0.041
832,ESSZIMMERSTÜHLE&BÄNKE,thirdParty,EE,wh,0.367,0.012,0.37,0.032
833,ESSZIMMERSTÜHLE&BÄNKE,thirdParty,EE,dropship,0.355,0.012,0.327,0.028
834,ESSZIMMERSTÜHLE&BÄNKE,thirdParty,Domestic,mto,0.332,0.012,0.287,0.041
835,ESSZIMMERSTÜHLE&BÄNKE,thirdParty,Domestic,wh,0.339,0.012,0.349,0.032
836,ESSZIMMERSTÜHLE&BÄNKE,thirdParty,Domestic,dropship,0.328,0.012,0.306,0.028
837,ESSZIMMERSTÜHLE&BÄNKE,ownDeveloped,Import,mto,0.454,0.012,0.406,0.041
838,ESSZIMMERSTÜHLE&BÄNKE,ownDeveloped,Import,wh,0.461,0.012,0.468,0.032
839,ESSZIMMERSTÜHLE&BÄNKE,ownDeveloped,Import,dropship,0.449,0.012,0.425,0.028
840,ESSZIMMERSTÜHLE&BÄNKE,ownDeveloped,EE,mto,0.388,0.012,0.339,0.041
841,ESSZIMMERSTÜHLE&BÄNKE,ownDeveloped,EE,wh,0.395,0.012,0.401,0.032
842,ESSZIMMERSTÜHLE&BÄNKE,ownDeveloped,EE,dropship,0.384,0.012,0.358,0.028
843,ESSZIMMERSTÜHLE&BÄNKE,ownDeveloped,Domestic,mto,0.36,0.012,0.318,0.041
844,ESSZIMMERSTÜHLE&BÄNKE,ownDeveloped,Domestic,wh,0.367,0.012,0.38,0.032
845,ESSZIMMERSTÜHLE&BÄNKE,ownDeveloped,Domestic,dropship,0.356,0.012,0.337,0.028
846,ESSZIMMERSTÜHLE&BÄNKE,whiteLabel,Import,mto,0.431,0.012,0.382,0.041
847,ESSZIMMERSTÜHLE&BÄNKE,whiteLabel,Import,wh,0.438,0.012,0.444,0.032
848,ESSZIMMERSTÜHLE&BÄNKE,whiteLabel,Import,dropship,0.427,0.012,0.4,0.028
849,ESSZIMMERSTÜHLE&BÄNKE,whiteLabel,EE,mto,0.365,0.012,0.315,0.041
850,ESSZIMMERSTÜHLE&BÄNKE,whiteLabel,EE,wh,0.372,0.012,0.377,0.032
851,ESSZIMMERSTÜHLE&BÄNKE,whiteLabel,EE,dropship,0.361,0.012,0.334,0.028
852,ESSZIMMERSTÜHLE&BÄNKE,whiteLabel,Domestic,mto,0.338,0.012,0.293,0.041
853,ESSZIMMERSTÜHLE&BÄNKE,whiteLabel,Domestic,wh,0.344,0.012,0.355,0.032
854,ESSZIMMERSTÜHLE&BÄNKE,whiteLabel,Domestic,dropship,0.333,0.012,0.312,0.028
